日付,内容,相手,税抜金額,税率,事業区分,飲食料品
2027-03-31,店頭パン販売（自家製）3月分,消費者,1200000,8,3,○
2027-03-15,焼き菓子詰め合わせ（自家製）,消費者,250000,1,3,○
2027-02-28,自家栽培ブルーベリー 直売,消費者,90000,8,3,○
2027-04-30,店頭パン販売（自家製）4月分,消費者,1300000,8,3,○
2027-05-31,店頭パン販売（自家製）5月分,消費者,1300000,1,3,○
2027-05-31,イートイン売上 5月分,消費者,900000,1,2,○
2027-05-31,コーヒー豆 近隣カフェ向け,事業者,300000,1,1,○
2027-06-30,エコバッグ・雑貨販売,消費者,150000,10,1,
2027-06-30,厨房オーブン売却（固定資産）,事業者,400000,10,2,
2027-06-30,2階店舗 賃料収入,事業者,600000,10,5,
2027-07-15,パン教室 講師料,消費者,120000,10,4,
2027-08-31,雑貨その他,消費者,80000,10,,
2027-09-30,コーヒー豆 定期便（通信販売）,消費者,100000,1,2,○
2027-10-31,ラッピング資材販売,事業者,50000,5,1,
2027-11-30,持込み小麦の製パン加工賃,事業者,180000,10,3,
