Mitarbeiter;Datum;Beginn;Ende;Pause;Alter
Anna K.;2026-10-05;14:00;22:30;30;34
Anna K.;2026-10-06;06:00;14:30;30;34
Ben M.;2026-10-05;07:00;19:00;30;41
Dana R.;2026-10-05;07:00;16:30;30;29
Dana R.;2026-10-06;07:00;16:30;30;29
Dana R.;2026-10-07;07:00;16:30;30;29
Dana R.;2026-10-08;07:00;16:30;30;29
Dana R.;2026-10-09;07:00;16:30;30;29
Dana R.;2026-10-10;07:00;16:30;30;29
Dana R.;2026-10-11;07:00;16:30;30;29
Lea S.;2026-10-08;11:00;19:00;60;17
Lea S.;2026-10-09;06:00;12:00;30;17
Lea S.;2026-10-10;14:00;21:30;60;17
